{
    "train": {
        "epochs": [
            0,
            1,
            2,
            3
        ],
        "loss": [
            0.05302830271745982,
            0.048259758277956095,
            0.04409441571057456,
            0.04177568272451279
        ],
        "acc": [
            0.001897459122639889,
            0.01387565786391392,
            0.03706682491840145,
            0.0569784329954867
        ]
    },
    "validation": {
        "epochs": [],
        "loss": [],
        "acc": []
    }
}