{
    "train": {
        "epochs": [
            0,
            1
        ],
        "loss": [
            0.052842894224947555,
            0.047905667849513264
        ],
        "acc": [
            0.002108287914044321,
            0.014562803554417254
        ]
    },
    "validation": {
        "epochs": [
            0,
            1
        ],
        "loss": [
            0.05067524024963379,
            0.04642908492088318
        ],
        "acc": [
            0.00636,
            0.02234
        ]
    }
}