{
    "train": {
        "epochs": [
            0
        ],
        "loss": [
            0.052842894224947555
        ],
        "acc": [
            0.002108287914044321
        ]
    },
    "validation": {
        "epochs": [
            0
        ],
        "loss": [
            0.05067524024963379
        ],
        "acc": [
            0.00636
        ]
    }
}